<?xml version="1.0" encoding="UTF-8"?>
<Mascotas>
  <Mascota>
    <Nombre>JAIR</Nombre>
    <Genero>Macho</Genero>
    <Edad>0</Edad>
    <Descripcion>HOLAAA</Descripcion>
  </Mascota>
  <Mascota>
    <Nombre>mimi</Nombre>
    <Genero>Hembra</Genero>
    <Edad>11</Edad>
    <Descripcion>asacvs</Descripcion>
  </Mascota>
  <Mascota>
    <Nombre>pepe</Nombre>
    <Genero>Macho</Genero>
    <Edad>2</Edad>
    <Descripcion>ascascasc</Descripcion>
  </Mascota>
  <Mascota>
    <Nombre>pepe2</Nombre>
    <Genero>Macho</Genero>
    <Edad>10</Edad>
    <Descripcion>adsfasdcasdc</Descripcion>
  </Mascota>
  <Mascota>
    <Nombre>jair2</Nombre>
    <Genero>Macho</Genero>
    <Edad>10</Edad>
    <Descripcion>qawfasf</Descripcion>
  </Mascota>
</Mascotas>
